{
  "name": "onsenui",
  "homepage": "http://onsen.io",
  "authors": [
    "Kruy Vanna <kruyvanna@gmail.com>",
    "Mitsunori KUBOTA <anatoo.jp@gmail.com>"
  ],
  "description": "Web Component inspired HTML5 UI framework for building modern mobile application",
  "main": [
    "js/onsenui.js",
    "css/onsenui.css",
    "css/onsen-css-components.css"
  ],
  "keywords": [
    "onsenui",
    "angular",
    "html5",
    "cordova",
    "phonegap",
    "web",
    "component",
    "monaca"
  ],
  "dependencies": {},
  "license": "Apache License, Version 2.0",
  "ignore": [
    ".npmignore"
  ],
  "version": "2.0.0",
  "_release": "2.0.0",
  "_resolution": {
    "type": "version",
    "tag": "2.0.0",
    "commit": "299d39fc75aae86ba99f8b9ab5c349f588e68cfe"
  },
  "_source": "https://github.com/OnsenUI/OnsenUI-dist.git",
  "_target": "^2.0.0",
  "_originalSource": "onsenui",
  "_direct": true
}